{
  "registrations": [
    { 
        "id": "1",
        "fistName": "Jeff",
        "lastName": "Martins",
        "email": "j.martins@mentalworks.fr",
        "profession": "CTO",
        "interests": [
            "Machine Learning",
            "Web Development",
            "Crypto"
        ],
        "register": true,
        "registerAt": "2024-03-25 08:34:35"
    }
  ],
  "newsletters": [
    { 
        "id": "1",
        "title": "BFM Crypto: Solana, strong increase in the number of users - 25/03",
        "content": "<h1>BFM Crypto Report: Solana Experiences Significant Surge in User Adoption - March 25th</h1><h2>Introduction:</h2><p>In the dynamic landscape of cryptocurrency, Solana has emerged as a prominent player, witnessing a remarkable uptick in user engagement. BFM Crypto's latest report unveils the unprecedented growth trajectory of Solana, highlighting its burgeoning user base and the factors driving this surge.</p><h2>Solana's Meteoric Rise:</h2><p>Solana, the high-performance blockchain platform, has garnered substantial attention within the crypto sphere due to its innovative features and scalability. Over the past few months, Solana has experienced an exponential surge in the number of users, surpassing expectations and solidifying its position as a leading blockchain protocol.</p><h2>Factors Fueling Adoption:</h2><ol><li><strong>Scalability and Speed:</strong> Solana's unique architecture enables lightning-fast transaction speeds and low fees, offering users a seamless experience compared to other blockchain networks.</li><li><strong>Developer-Friendly Environment:</strong> Solana's developer-friendly ecosystem and robust infrastructure have attracted a growing community of developers, fostering the creation of diverse decentralized applications (dApps) and projects.</li><li><strong>DeFi and NFT Boom:</strong> The rise of decentralized finance (DeFi) and non-fungible tokens (NFTs) has propelled Solana to the forefront, with its platform providing an ideal environment for DeFi protocols and NFT marketplaces to thrive.</li><li><strong>Strategic Partnerships:</strong> Solana's strategic partnerships with industry leaders and integration with prominent platforms have bolstered its credibility and expanded its reach, attracting a broader audience of users and investors.</li></ol><h2>Implications for the Crypto Market:</h2><p>Solana's strong increase in user adoption signifies a broader trend within the crypto market, wherein users are increasingly seeking efficient and scalable blockchain solutions. As Solana continues to innovate and attract more users, it poses a formidable challenge to traditional blockchain networks and underscores the evolving nature of the crypto landscape.</p><h2>Conclusion:</h2><p>In conclusion, BFM Crypto's report sheds light on Solana's remarkable journey, showcasing its exponential growth in user adoption and its pivotal role in shaping the future of decentralized finance and blockchain technology. With its unparalleled speed, scalability, and burgeoning ecosystem, Solana stands poised to redefine the standards of blockchain innovation in the years to come.</p>",
        "interests": ["Crypto"]
    },
    {
        "id": "2",
        "title": "How AI and machine learning will reinvent the supply chain",
        "content": "<h1>How AI and Machine Learning Will Reinvent the Supply Chain</h1><p>In today's rapidly evolving business landscape, advancements in artificial intelligence (AI) and machine learning are poised to revolutionize the supply chain industry. From optimizing logistics to enhancing inventory management, AI-driven solutions offer unprecedented opportunities for efficiency, agility, and cost-effectiveness.</p><h2>1. Predictive Analytics for Demand Forecasting</h2><p>AI-powered predictive analytics enable businesses to anticipate demand patterns with greater accuracy, minimizing stockouts and excess inventory. By analyzing historical data, market trends, and external factors in real-time, machine learning algorithms can generate precise demand forecasts, allowing organizations to optimize inventory levels and improve customer satisfaction.</p><h2>2. Autonomous Vehicles and Route Optimization</h2><p>Autonomous vehicles equipped with AI technology are revolutionizing transportation and logistics operations. From self-driving trucks to drone delivery systems, these innovations streamline the movement of goods while reducing costs and environmental impact. Machine learning algorithms optimize route planning, considering variables such as traffic patterns, weather conditions, and delivery deadlines to ensure timely and efficient deliveries.</p><h2>3. Smart Warehousing and Inventory Management</h2><p>AI-powered robotics and IoT sensors enhance warehouse operations by automating inventory tracking, picking, and replenishment processes. Machine learning algorithms analyze data from sensors and cameras to optimize warehouse layout, minimize storage space, and accelerate order fulfillment. Real-time insights enable proactive decision-making, reducing errors and improving overall efficiency.</p><h2>4. Supply Chain Visibility and Transparency</h2><p>AI-driven supply chain platforms provide end-to-end visibility and transparency across the entire supply chain network. By integrating data from various sources, including suppliers, manufacturers, distributors, and retailers, these platforms enable real-time monitoring and analysis of supply chain activities. Predictive analytics identify potential disruptions and bottlenecks, allowing organizations to implement proactive mitigation strategies and maintain operational resilience.</p><h2>5. Enhanced Supplier Relationship Management</h2><p>AI-powered tools facilitate supplier relationship management by analyzing supplier performance, risk factors, and market dynamics. Machine learning algorithms identify opportunities for cost optimization, quality improvement, and collaboration enhancement. By fostering closer partnerships with suppliers, organizations can mitigate risks, drive innovation, and achieve competitive advantages in the marketplace.</p><p>In conclusion, the integration of AI and machine learning technologies is poised to reinvent the supply chain industry, transforming traditional practices and unlocking new levels of efficiency, agility, and innovation. By harnessing the power of data-driven insights and automation, organizations can adapt to evolving market dynamics, mitigate risks, and capitalize on emerging opportunities in an increasingly complex global economy.</p>",
        "interests": ["Machine Learning"]
    }
  ]
}